Source Plate	Source Row	Source Column	Destination Plate	Destination Row	Destination Column	Gene
1	1	1	1	1	1	YJR155W
1	1	6	1	1	2	YDR252W
1	1	10	1	1	3	YDR313C
1	1	13	1	1	4	YLR155C
1	1	24	1	1	5	YNL217W
1	2	1	1	1	6	YNL152W
1	2	2	1	1	7	YDR043C
1	2	14	1	1	8	YGR209C
1	2	20	1	1	9	YHR087W
1	2	24	1	1	10	YJL115W
1	3	3	1	1	11	YJR154W
1	3	10	1	1	12	YDR337W
1	3	13	1	1	13	YLR157C
1	3	16	1	1	14	YOR126C
1	3	18	1	1	15	YOR228C
1	3	19	1	1	16	YGL170C
1	3	23	1	1	17	YDR090C
1	4	5	1	1	18	YKL041W
1	4	7	1	1	19	YPR203W
1	4	9	1	1	20	YPL234C
1	4	13	1	1	21	YOR051C
1	4	24	1	1	22	YIL082W
1	5	1	1	1	23	YJR013W
1	5	2	1	1	24	YDR065W
1	5	5	1	2	1	YLR156W
1	5	9	1	2	2	YLR192C
1	5	19	1	2	3	YHL009W-A
1	6	11	1	2	4	YPL055C
1	6	15	1	2	5	YBR193C
1	7	5	1	2	6	YLR159W
1	7	12	1	2	7	YDR259C
1	8	6	1	2	8	YDR071C
1	8	10	1	2	9	YFL068W
1	8	16	1	2	10	YGL161C
1	8	18	1	2	11	YHL022C
1	8	19	1	2	12	YBR155W
1	9	1	1	2	13	YJR083C
1	9	8	1	2	14	YDR262W
1	9	9	1	2	15	YLR271W
1	9	14	1	2	16	YOR394W
1	9	15	1	2	17	YMR295C
1	9	19	1	2	18	YGR156W
1	10	10	1	2	19	YEL044W
1	10	12	1	2	20	YEL057C
1	11	13	1	2	21	YMR325W
1	11	22	1	2	22	YNL252C
1	12	4	1	2	23	YDR179C
1	12	5	1	2	24	YJR011C
1	12	13	1	3	1	YBR217W
1	12	17	1	3	2	YBR050C
1	13	14	1	3	3	YOR094W
1	14	21	1	3	4	YCL066W
1	14	22	1	3	5	YIL020C
1	15	1	1	3	6	YKL151C
1	15	7	1	3	7	YLL060C
1	15	14	1	3	8	YOR215C
1	15	23	1	3	9	YDR214W
1	16	2	1	3	10	YDR070C
1	16	4	1	3	11	YDR073W
1	16	14	1	3	12	YGR109W-A
2	2	4	1	3	13	YIL003W
2	2	16	1	3	14	YKL177W
2	3	1	1	3	15	YHR054C
2	3	3	1	3	16	YMR043W
2	3	7	1	3	17	YPR133C
2	3	20	1	3	18	YLL041C
2	4	2	1	3	19	YBL090W
2	4	17	1	3	20	YGL239C
2	4	22	1	3	21	YHL004W
2	4	23	1	3	22	YHR049W
2	5	6	1	3	23	YPL148C
2	5	7	1	3	24	YPR158C-C
2	5	8	1	4	1	YPR053C
2	5	10	1	4	2	YCR022C
2	6	5	1	4	3	YLR445W
2	6	9	1	4	4	YIR009W
2	7	10	1	4	5	YCR060W
2	7	12	1	4	6	YDL092W
2	7	18	1	4	7	YBR120C
2	8	5	1	4	8	YLR456W
2	8	12	1	4	9	YJL032W
2	9	5	1	4	10	YPR199C
2	9	6	1	4	11	YPL163C
2	10	14	1	4	12	YKL158W
2	11	1	1	4	13	YJR124C
2	11	8	1	4	14	YCL076W
2	11	14	1	4	15	YAL066W
2	11	22	1	4	16	YLR021W
2	12	1	1	4	17	YLR301W
2	12	10	1	4	18	YGR129W
2	12	16	1	4	19	YNL296W
2	12	19	1	4	20	YGR114C
2	12	23	1	4	21	YHR191C
2	13	18	1	4	22	YBR135W
2	13	22	1	4	23	YLR025W
2	14	7	1	4	24	YHR209W
2	14	14	1	5	1	YKL153W
2	14	18	1	5	2	YDL181W
2	14	24	1	5	3	YMR038C
2	15	2	1	5	4	YMR252C
2	15	6	1	5	5	YPL267W
2	15	10	1	5	6	YDL004W
2	16	7	1	5	7	YIL127C
2	16	16	1	5	8	YNL259C
3	1	10	1	5	9	YHR053C
3	2	7	1	5	10	YNL324W
3	2	8	1	5	11	YDR537C
3	2	14	1	5	12	YPR123C
3	2	16	1	5	13	YCR104W
3	2	17	1	5	14	YKL170W
3	2	22	1	5	15	YOL046C
3	2	24	1	5	16	YOL142W
3	3	18	1	5	17	YLR147C
3	3	22	1	5	18	YGL230C
3	4	2	1	5	19	YMR035W
3	4	3	1	5	20	YOR084W
3	4	6	1	5	21	YKL131W
3	4	7	1	5	22	YNL335W
3	4	10	1	5	23	YGL053W
3	4	11	1	5	24	YML010W-A
3	4	14	1	6	1	YPR130C
3	4	17	1	6	2	YFL020C
3	4	18	1	6	3	YDL152W
3	4	22	1	6	4	YOL050C
3	4	23	1	6	5	YAR068W
3	5	10	1	6	6	YGR181W
3	5	19	1	6	7	YER063W
3	6	2	1	6	8	YMR193C-A
3	6	6	1	6	9	YKL169C
3	6	9	1	6	10	YNR052C
3	6	14	1	6	11	YPR142C
3	6	15	1	6	12	YNL110C
3	6	16	1	6	13	YDL023C
3	6	18	1	6	14	YGL261C
3	6	20	1	6	15	YJL223C
3	6	21	1	6	16	YGR290W
3	6	24	1	6	17	YOL131W
3	7	2	1	6	18	YBL095W
3	7	21	1	6	19	YAR064W
3	8	5	1	6	20	YNL203C
3	8	9	1	6	21	YNR042W
3	8	10	1	6	22	YOR331C
3	8	11	1	6	23	YML090W
3	8	13	1	6	24	YMR075C-A
3	8	14	1	7	1	YPR150W
3	8	15	1	7	2	YNL105W
3	8	16	1	7	3	YDL026W
3	8	18	1	7	4	YLR264W
3	8	19	1	7	5	YGR074W
3	8	22	1	7	6	YOL077W-A
3	9	20	1	7	7	YJR097W
3	10	3	1	7	8	YOR111W
3	10	4	1	7	9	YLR091W
3	10	6	1	7	10	YJL067W
3	10	7	1	7	11	YNR005C
3	10	9	1	7	12	YOL018C
3	10	12	1	7	13	YPL185W
3	10	14	1	7	14	YCR040W
3	10	16	1	7	15	YDL034W
3	10	18	1	7	16	YOR146W
3	10	21	1	7	17	YAL068C
3	10	23	1	7	18	YIL060W
3	10	24	1	7	19	YOL163W
3	11	4	1	7	20	YDR113C
3	12	5	1	7	21	YNL245C
3	12	6	1	7	22	YAR029W
3	12	9	1	7	23	YOL039W
3	12	10	1	7	24	YOR309C
3	12	11	1	8	1	YML095C-A
3	12	12	1	8	2	YPL197C
3	12	13	1	8	3	YMR158W-A
3	12	14	1	8	4	YCR062W
3	12	16	1	8	5	YDL068W
3	12	21	1	8	6	YHL045W
3	12	23	1	8	7	YAR066W
3	13	6	1	8	8	YGL081W
3	13	8	1	8	9	YGL082W
3	13	12	1	8	10	YIL176C
3	14	3	1	8	11	YNL204C
3	14	6	1	8	12	YDL187C
3	14	14	1	8	13	YCR099C
3	14	17	1	8	14	YLR374C
3	14	18	1	8	15	YOR200W
3	14	21	1	8	16	YBL100C
3	14	23	1	8	17	YIL141W
3	14	24	1	8	18	YOL150C
3	15	3	1	8	19	YMR158W
3	15	8	1	8	20	YDR532C
3	15	12	1	8	21	YJL145W
3	15	21	1	8	22	YBL041W
3	15	23	1	8	23	YFR017C
3	16	3	1	8	24	YNL202W
3	16	4	1	9	1	YLR298C
3	16	9	1	9	2	YLR444C
3	16	11	1	9	3	YML102C-A
3	16	13	1	9	4	YNL043C
3	16	15	1	9	5	YNL140C
3	16	16	1	9	6	YDL118W
3	16	17	1	9	7	YGL260W
3	16	18	1	9	8	YOR224C
3	16	19	1	9	9	YGR228W
3	16	20	1	9	10	YOL037C
3	16	21	1	9	11	YBR009C
3	16	22	1	9	12	YOL135C
4	1	6	1	9	13	YBR198C
4	1	10	1	9	14	YNL241C
4	1	11	1	9	15	YFR011C
4	1	12	1	9	16	YMR024W
4	1	14	1	9	17	YML038C
4	1	17	1	9	18	YPR109W
4	1	19	1	9	19	YCR071C
4	1	21	1	9	20	YDL186W
4	1	23	1	9	21	YPL205C
4	2	5	1	9	22	YDL036C
4	2	7	1	9	23	YER165W
4	2	9	1	9	24	YGL003C
4	2	10	1	10	1	YER042W
4	2	11	1	10	2	YFL026W
4	2	13	1	10	3	YFR004W
4	2	14	1	10	4	YBR101C
4	2	16	1	10	5	YBL032W
4	2	18	1	10	6	YBR095C
4	2	20	1	10	7	YAL058W
4	2	21	1	10	8	YOL063C
4	2	24	1	10	9	YGR103W
4	3	3	1	10	10	YBR205W
4	3	6	1	10	11	YMR257C
4	3	8	1	10	12	YMR284W
4	3	9	1	10	13	YNL015W
4	3	10	1	10	14	YNR030W
4	3	13	1	10	15	YPL278C
4	3	15	1	10	16	YPR073C
4	3	16	1	10	17	YML046W
4	3	18	1	10	18	YLR163C
4	3	19	1	10	19	YDL032W
4	3	20	1	10	20	YLR246W
4	3	21	1	10	21	YOR345C
4	3	24	1	10	22	YML002W
4	4	2	1	10	23	YDL046W
4	4	3	1	10	24	YJL053W
4	4	5	1	11	1	YGL056C
4	4	6	1	11	2	YJL104W
4	4	7	1	11	3	YGL127C
4	4	16	1	11	4	YAL060W
4	4	17	1	11	5	YPL269W
4	4	18	1	11	6	YBL098W
4	4	19	1	11	7	YOL097C
4	4	22	1	11	8	YGR109C
4	5	3	1	11	9	YCL052C
4	5	5	1	11	10	YBR237W
4	5	6	1	11	11	YMR261C
4	5	8	1	11	12	YNL218W
4	5	9	1	11	13	YPL178W
4	5	10	1	11	14	YOL101C
4	5	12	1	11	15	YMR026C
4	5	14	1	11	16	YML043C
4	5	18	1	11	17	YLR069C
4	5	21	1	11	18	YOR333C
4	5	23	1	11	19	YNL074C
4	5	24	1	11	20	YLR397C
4	6	10	1	11	21	YER126C
4	6	11	1	11	22	YER043C
4	6	18	1	11	23	YBR199W
4	7	1	1	11	24	YHR042W
4	7	2	1	12	1	YPL092W
4	7	5	1	12	2	YCR011C
4	7	6	1	12	3	YNL107W
4	7	8	1	12	4	YNL115C
4	7	15	1	12	5	YPR077C
4	7	16	1	12	6	YMR081C
4	7	18	1	12	7	YLR376C
4	7	20	1	12	8	YLR360W
4	7	24	1	12	9	YHL013C
4	8	1	1	12	10	YGR252W
4	8	3	1	12	11	YDL052C
4	8	5	1	12	12	YFL054C
4	8	7	1	12	13	YGL128C
4	8	11	1	12	14	YFL027C
4	8	14	1	12	15	YBR128C
4	8	15	1	12	16	YFR005C
4	8	16	1	12	17	YAL061W
4	8	17	1	12	18	YCR052W
4	8	18	1	12	19	YBL086C
4	8	20	1	12	20	YBL054W
4	8	21	1	12	21	YOL137W
4	8	23	1	12	22	YPL054W
4	9	1	1	12	23	YHR072W
4	9	4	1	12	24	YMR215W
4	9	5	1	13	1	YKR025W
4	9	8	1	13	2	YNR009W
4	9	9	1	13	3	YFL006W
4	9	14	1	13	4	YMR018W
4	9	16	1	13	5	YMR145C
4	9	17	1	13	6	YCL059C
4	9	18	1	13	7	YLR126C
4	9	20	1	13	8	YLR142W
4	9	22	1	13	9	YLR453C
4	9	23	1	13	10	YNL079C
4	10	2	1	13	11	YIL084C
4	10	5	1	13	12	YGL234W
4	10	7	1	13	13	YGL001C
4	10	11	1	13	14	YEL052W
4	10	16	1	13	15	YBL055C
4	10	19	1	13	16	YNR039C
4	10	22	1	13	17	YGR110W
4	10	23	1	13	18	YPL069C
4	11	2	1	13	19	YMR180C
4	11	4	1	13	20	YMR258C
4	11	5	1	13	21	YKL162C
4	11	6	1	13	22	YNL009W
4	11	8	1	13	23	YNR027W
4	11	14	1	13	24	YMR014W
4	11	15	1	14	1	YPR102C
4	11	23	1	14	2	YNL300W
4	12	5	1	14	3	YEL016C
4	12	6	1	14	4	YBL029W
4	12	7	1	14	5	YGL038C
4	12	8	1	14	6	YPL087W
4	12	9	1	14	7	YER154W
4	12	10	1	14	8	YFL005W
4	12	13	1	14	9	YGL067W
4	12	16	1	14	10	YBR195C
4	12	19	1	14	11	YOL113W
4	12	21	1	14	12	YOR194C
4	12	24	1	14	13	YIR008C
4	13	3	1	14	14	YCR005C
4	13	4	1	14	15	YMR213W
4	13	6	1	14	16	YNL071W
4	13	10	1	14	17	YML121W
4	13	12	1	14	18	YML083C
4	13	14	1	14	19	YMR013C
4	13	15	1	14	20	YPR086W
4	13	20	1	14	21	YLR135W
4	13	21	1	14	22	YPL182C
4	14	5	1	14	23	YEL062W
4	14	11	1	14	24	YFR050C
4	14	12	1	15	1	YBL010C
4	14	16	1	15	2	YBL046W
4	14	17	1	15	3	YCR067C
4	14	22	1	15	4	YGR002C
4	15	1	1	15	5	YBR211C
4	15	3	1	15	6	YBR293W
4	15	5	1	15	7	YKR051W
4	15	13	1	15	8	YPR038W
4	15	14	1	15	9	YML086C
4	15	15	1	15	10	YPR099C
4	15	17	1	15	11	YCR041W
4	15	20	1	15	12	YLR414C
4	15	21	1	15	13	YPL200W
4	15	22	1	15	14	YLR446W
4	16	6	1	15	15	YGR277C
4	16	19	1	15	16	YOL076W
4	16	20	1	15	17	YGR104C
4	16	22	1	15	18	YGL252C
5	1	4	1	15	19	YDL059C
5	1	5	1	15	20	YCR016W
5	1	6	1	15	21	YNL049C
5	1	7	1	15	22	YGR238C
5	1	8	1	15	23	YMR108W
5	1	9	1	15	24	YFR046C
5	1	10	1	16	1	YLR093C
5	1	11	1	16	2	YDR503C
5	1	12	1	16	3	YJR159W
5	1	14	1	16	4	YJL151C
5	1	15	1	16	5	YIL067C
5	1	16	1	16	6	YBL002W
5	1	17	1	16	7	YIR014W
5	1	21	1	16	8	YPR033C
5	1	22	1	16	9	YNL311C
5	1	23	1	16	10	YPL256C
5	2	4	1	16	11	YJR111C
5	2	11	1	16	12	YER048C
5	2	13	1	16	13	YGL240W
5	2	14	1	16	14	YPL232W
5	2	19	1	16	15	YNR008W
5	2	21	1	16	16	YFR055W
5	2	22	1	16	17	YMR226C
5	2	23	1	16	18	YDL227C
5	2	24	1	16	19	YGR241C
5	3	1	1	16	20	YJL049W
5	3	2	1	16	21	YPR124W
5	3	4	1	16	22	YDR541C
5	3	5	1	16	23	YCR072C
5	3	6	1	16	24	YNL065W
5	3	7	2	1	1	YGR204W
5	3	8	2	1	2	YMR160W
5	3	10	2	1	3	YLR094C
5	3	11	2	1	4	YER106W
5	3	14	2	1	5	YJL183W
5	3	15	2	1	6	YIL108W
5	3	16	2	1	7	YER102W
5	3	19	2	1	8	YLR450W
5	3	20	2	1	9	YOL130W
5	3	21	2	1	10	YDR518W
5	3	22	2	1	11	YNL317W
5	4	2	2	1	12	YDR490C
5	4	3	2	1	13	YJL160C
5	4	5	2	1	14	YML004C
5	4	7	2	1	15	YDL047W
5	4	8	2	1	16	YPL048W
5	4	10	2	1	17	YLR080W
5	4	11	2	1	18	YER028C
5	4	15	2	1	19	YGL263W
5	4	16	2	1	20	YPR110C
5	4	17	2	1	21	YKL093W
5	4	20	2	1	22	YMR091C
5	4	21	2	1	23	YER177W
5	4	22	2	1	24	YAR031W
5	4	23	2	2	1	YAL011W
5	4	24	2	2	2	YGR260W
5	5	1	2	2	3	YJL025W
5	5	2	2	2	4	YPR129W
5	5	6	2	2	5	YDL090C
5	5	7	2	2	6	YHL011C
5	5	8	2	2	7	YNL002C
5	5	9	2	2	8	YPR027C
5	5	10	2	2	9	YLR173W
5	5	13	2	2	10	YIL064W
5	5	15	2	2	11	YIL107C
5	5	16	2	2	12	YNL333W
5	5	17	2	2	13	YBR234C
5	5	20	2	2	14	YOL139C
5	5	21	2	2	15	YDR485C
5	5	22	2	2	16	YNR033W
5	5	23	2	2	17	YPR008W
5	5	24	2	2	18	YBR297W
5	6	1	2	2	19	YHL014C
5	6	2	2	2	20	YER069W
5	6	3	2	2	21	YFR052W
5	6	4	2	2	22	YOR047C
5	6	10	2	2	23	YLR166C
5	6	17	2	2	24	YKL132C
5	6	19	2	3	1	YPL050C
5	6	20	2	3	2	YMR153W
5	6	22	2	3	3	YAR071W
5	6	23	2	3	4	YDR484W
5	7	3	2	3	5	YJR049C
5	7	4	2	3	6	YPL133C
5	7	6	2	3	7	YNL330C
5	7	7	2	3	8	YFL001W
5	7	8	2	3	9	YNL005C
5	7	9	2	3	10	YPR066W
5	7	12	2	3	11	YBR294W
5	7	15	2	3	12	YIL038C
5	7	16	2	3	13	YFL061W
5	7	17	2	3	14	YBR246W
5	7	19	2	3	15	YNL066W
5	7	21	2	3	16	YEL040W
5	8	4	2	3	17	YOR046C
5	8	5	2	3	18	YLR368W
5	8	6	2	3	19	YOR348C
5	8	8	2	3	20	YPL100W
5	8	10	2	3	21	YLR287C-A
5	8	12	2	3	22	YLR194C
5	8	13	2	3	23	YGL162W
5	8	14	2	3	24	YPL201C
5	8	15	2	4	1	YGL208W
5	8	17	2	4	2	YKL124W
5	8	20	2	4	3	YMR065W
5	8	21	2	4	4	YGL228W
5	8	22	2	4	5	YBL030C
5	8	24	2	4	6	YGR287C
5	9	3	2	4	7	YJR130C
5	9	5	2	4	8	YPL130W
5	9	7	2	4	9	YDR514C
5	9	8	2	4	10	YNL058C
5	9	9	2	4	11	YPR139C
5	9	10	2	4	12	YLR139C
5	9	12	2	4	13	YKR008W
5	9	13	2	4	14	YIL097W
5	9	14	2	4	15	YEL039C
5	9	16	2	4	16	YOR323C
5	9	17	2	4	17	YBR272C
5	9	21	2	4	18	YER005W
5	9	24	2	4	19	YMR326C
5	10	3	2	4	20	YJL083W
5	10	4	2	4	21	YOR118W
5	10	7	2	4	22	YDL065C
5	10	8	2	4	23	YPL026C
5	10	12	2	4	24	YML014W
5	10	14	2	5	1	YPR023C
5	10	16	2	5	2	YER062C
5	10	17	2	5	3	YKL135C
5	10	19	2	5	4	YPR134W
5	10	20	2	5	5	YMR032W
5	10	21	2	5	6	YFL053W
5	10	23	2	5	7	YDL185W
5	10	24	2	5	8	YHL046C
5	11	1	2	5	9	YJL033W
5	11	3	2	5	10	YKL052C
5	11	4	2	5	11	YPL153C
5	11	5	2	5	12	YGL025C
5	11	6	2	5	13	YMR070W
5	11	7	2	5	14	YGL224C
5	11	8	2	5	15	YLR057W
5	11	15	2	5	16	YIL109C
5	11	16	2	5	17	YPR080W
5	11	17	2	5	18	YBR283C
5	11	20	2	5	19	YNL188W
5	11	24	2	5	20	YHR026W
5	12	1	2	5	21	YHL038C
5	12	4	2	5	22	YOL141W
5	12	6	2	5	23	YPL129W
5	12	12	2	5	24	YLR404W
5	12	13	2	6	1	YGL232W
5	12	15	2	6	2	YFR021W
5	12	17	2	6	3	YKL168C
5	12	18	2	6	4	YML123C
5	12	20	2	6	5	YMR061W
5	12	21	2	6	6	YFL049W
5	12	22	2	6	7	YGL258W
5	12	23	2	6	8	YER018C
5	13	1	2	6	9	YJL201W
5	13	4	2	6	10	YPL209C
5	13	5	2	6	11	YGR234W
5	13	6	2	6	12	YMR083W
5	13	7	2	6	13	YGL221C
5	13	8	2	6	14	YLR060W
5	13	15	2	6	15	YJL035C
5	13	16	2	6	16	YPR111W
5	13	18	2	6	17	YOR264W
5	13	19	2	6	18	YDL237W
5	13	21	2	6	19	YPL244C
5	13	22	2	6	20	YMR006C
5	13	23	2	6	21	YPR114W
5	13	24	2	6	22	YER019C-A
5	14	1	2	6	23	YHR153C
5	14	2	2	6	24	YIL137C
5	14	3	2	7	1	YKR014C
5	14	7	2	7	2	YDL193W
5	14	8	2	7	3	YBR086C
5	14	10	2	7	4	YLR291C
5	14	12	2	7	5	YLR448W
5	14	13	2	7	6	YGL248W
5	14	15	2	7	7	YJR145C
5	14	18	2	7	8	YMR063W
5	14	20	2	7	9	YMR104C
5	14	21	2	7	10	YAR008W
5	14	24	2	7	11	YBL112C
5	15	1	2	7	12	YJR095W
5	15	2	2	7	13	YCR096C
5	15	3	2	7	14	YBR242W
5	15	4	2	7	15	YNL061W
5	15	5	2	7	16	YGR124W
5	15	6	2	7	17	YMR095C
5	15	8	2	7	18	YLR071C
5	15	9	2	7	19	YDR540C
5	15	10	2	7	20	YML027W
5	15	11	2	7	21	YNL047C
5	15	12	2	7	22	YHR142W
5	15	14	2	7	23	YER120W
5	15	15	2	7	24	YJL043W
5	15	16	2	8	1	YCR039C
5	15	17	2	8	2	YLR300W
5	15	18	2	8	3	YOR266W
5	15	20	2	8	4	YNL240C
5	15	21	2	8	5	YPL255W
5	15	22	2	8	6	YMR008C
5	16	3	2	8	7	YKL181W
5	16	4	2	8	8	YOR204W
5	16	5	2	8	9	YDL201W
5	16	6	2	8	10	YPL088W
5	16	7	2	8	11	YDL001W
5	16	8	2	8	12	YBR079C
5	16	12	2	8	13	YPL115C
5	16	13	2	8	14	YGL148W
5	16	18	2	8	15	YMR157C
5	16	19	2	8	16	YFL058W
6	1	5	2	8	17	YOL065C
6	1	6	2	8	18	YJL191W
6	1	7	2	8	19	YPL280W
6	1	8	2	8	20	YOR237W
6	1	13	2	8	21	YJL162C
6	1	20	2	8	22	YBR222C
6	1	21	2	8	23	YOL144W
6	1	23	2	8	24	YBR250W
6	1	24	2	9	1	YPL206C
6	2	5	2	9	2	YDR474C
6	2	23	2	9	3	YLR002C
6	3	1	2	9	4	YIL066C
6	3	3	2	9	5	YNL320W
6	3	8	2	9	6	YOR239W
6	3	9	2	9	7	YML026C
6	3	10	2	9	8	YBL026W
6	3	14	2	9	9	YLR284C
6	3	17	2	9	10	YDL064W
6	3	21	2	9	11	YOR003W
6	3	23	2	9	12	YBR274W
6	4	2	2	9	13	YML120C
6	4	4	2	9	14	YBR158W
6	4	15	2	9	15	YKL046C
6	5	4	2	9	16	YIL111W
6	5	5	2	9	17	YOR327C
6	5	6	2	9	18	YOR129C
6	5	7	2	9	19	YDL022W
6	5	8	2	9	20	YOR283W
6	5	13	2	9	21	YJR052W
6	5	20	2	9	22	YNL080C
6	5	22	2	9	23	YOR234C
6	6	2	2	9	24	YOR074C
6	6	3	2	10	1	YDL159W
6	6	5	2	10	2	YEL069C
6	6	6	2	10	3	YIL045W
6	6	10	2	10	4	YNR069C
6	6	15	2	10	5	YKR063C
6	6	21	2	10	6	YLL018C
6	6	23	2	10	7	YMR240C
6	7	3	2	10	8	YNL246W
6	7	5	2	10	9	YOR382W
6	7	7	2	10	10	YDL061C
6	7	8	2	10	11	YGR294W
6	7	21	2	10	12	YOR027W
6	7	22	2	10	13	YPL033C
6	7	24	2	10	14	YHR147C
6	8	2	2	10	15	YOR143C
6	8	3	2	10	16	YDR009W
6	8	5	2	10	17	YDR481C
6	8	16	2	10	18	YFR009W
6	8	18	2	10	19	YMR199W
6	8	19	2	10	20	YLR227W-A
6	8	23	2	10	21	YMR268C
6	8	24	2	10	22	YPR125W
6	9	1	2	10	23	YMR294W
6	9	8	2	10	24	YOR334W
6	9	11	2	11	1	YNL146W
6	9	22	2	11	2	YPL066W
6	10	4	2	11	3	YAL040C
6	10	7	2	11	4	YDR299W
6	10	8	2	11	5	YGL144C
6	10	21	2	11	6	YLR081W
6	11	1	2	11	7	YMR278W
6	11	4	2	11	8	YIL158W
6	11	5	2	11	9	YOR383C
6	11	7	2	11	10	YDR538W
6	11	9	2	11	11	YMR246W
6	11	14	2	11	12	YHR066W
6	11	16	2	11	13	YHL039W
6	11	19	2	11	14	YOL119C
6	12	7	2	11	15	YDR232W
6	12	13	2	11	16	YKL004W
6	12	16	2	11	17	YDR239C
6	12	20	2	11	18	YPL072W
6	12	22	2	11	19	YDR363W
6	12	24	2	11	20	YPL181W
6	13	5	2	11	21	YOR390W
6	13	11	2	11	22	YJL196C
6	13	22	2	11	23	YPL184C
6	13	24	2	11	24	YHR188C
6	14	3	2	12	1	YFL040W
6	14	5	2	12	2	YGL110C
6	14	6	2	12	3	YDR192C
6	14	10	2	12	4	YNL249C
6	14	11	2	12	5	YBL045C
6	14	21	2	12	6	YLR276C
6	15	2	2	12	7	YIL094C
6	15	4	2	12	8	YJL066C
6	15	5	2	12	9	YPL220W
6	15	8	2	12	10	YER152C
6	15	11	2	12	11	YJL134W
6	15	12	2	12	12	YLR213C
6	15	19	2	12	13	YOL140W
7	1	6	2	12	14	YMR191W
7	1	9	2	12	15	YIL052C
7	1	12	2	12	16	YDL218W
7	1	18	2	12	17	YMR090W
7	1	22	2	12	18	YDR359C
7	2	3	2	12	19	YPL226W
7	2	6	2	12	20	YPL221W
7	2	7	2	12	21	YOR219C
7	2	8	2	12	22	YLR047C
7	2	9	2	12	23	YMR189W
7	2	10	2	12	24	YPR175W
7	2	11	2	13	1	YKL209C
7	2	12	2	13	2	YOR304W
7	2	13	2	13	3	YOR207C
7	2	15	2	13	4	YMR165C
7	2	16	2	13	5	YOR081C
7	2	17	2	13	6	YOL017W
7	2	18	2	13	7	YJL200C
7	2	19	2	13	8	YLR336C
7	2	22	2	13	9	YHR213W-B
7	2	23	2	13	10	YDR213W
7	3	2	2	13	11	YMR158C-A
7	3	3	2	13	12	YDR026C
7	3	4	2	13	13	YGR079W
7	3	6	2	13	14	YDR063W
7	3	10	2	13	15	YAL037W
7	3	11	2	13	16	YDL164C
7	3	12	2	13	17	YKL077W
7	3	16	2	13	18	YGR153W
7	3	19	2	13	19	YGR258C
7	3	24	2	13	20	YGL205W
7	4	1	2	13	21	YNL106C
7	4	2	2	13	22	YEL055C
7	4	3	2	13	23	YPL084W
7	4	4	2	13	24	YML035C
7	4	5	2	14	1	YKL213C
7	4	6	2	14	2	YOR087W
7	4	10	2	14	3	YOR058C
7	4	11	2	14	4	YBL014C
7	4	12	2	14	5	YMR031C
7	4	13	2	14	6	YNL068C
7	4	14	2	14	7	YGR125W
7	4	16	2	14	8	YBL104C
7	4	19	2	14	9	YKL146W
7	4	22	2	14	10	YOR358W
7	5	1	2	14	11	YGR229C
7	5	2	2	14	12	YOR338W
7	5	4	2	14	13	YNL269W
7	5	5	2	14	14	YEL043W
7	5	6	2	14	15	YNL208W
7	5	8	2	14	16	YHR050W
7	5	13	2	14	17	YDR273W
7	5	14	2	14	18	YFL052W
7	5	15	2	14	19	YGL103W
7	5	16	2	14	20	YER080W
7	5	17	2	14	21	YDR060W
7	5	22	2	14	22	YKL197C
7	5	24	2	14	23	YGL062W
7	6	2	2	14	24	YML104C
7	6	3	2	15	1	YER151C
7	6	4	2	15	2	YNL250W
7	6	5	2	15	3	YBR150C
7	6	7	2	15	4	YPL022W
7	6	8	2	15	5	YPR115W
7	6	9	2	15	6	YER176W
7	6	10	2	15	7	YNR067C
7	6	11	2	15	8	YDR108W
7	6	13	2	15	9	YER024W
7	6	19	2	15	10	YNL127W
7	6	21	2	15	11	YLR084C
7	6	22	2	15	12	YLR420W
7	6	24	2	15	13	YIR031C
7	7	1	2	15	14	YHR016C
7	7	3	2	15	15	YDR049W
7	7	4	2	15	16	YKL082C
7	7	5	2	15	17	YGR140W
7	7	11	2	15	18	YDL056W
7	7	12	2	15	19	YPL229W
7	7	17	2	15	20	YDR039C
7	7	18	2	15	21	YGR154C
7	7	24	2	15	22	YDL095W
7	8	2	2	15	23	YGL216W
7	8	3	2	15	24	YDR452W
7	8	4	2	16	1	YML042W
7	8	5	2	16	2	YIL147C
7	8	7	2	16	3	YAL002W
7	8	8	2	16	4	YDR186C
7	8	10	2	16	5	YER125W
7	8	11	2	16	6	YER013W
7	8	12	2	16	7	YPL126W
7	8	13	2	16	8	YKL220C
7	8	14	2	16	9	YLR095C
7	8	15	2	16	10	YHL024W
7	8	19	2	16	11	YEL053C
7	8	20	2	16	12	YER188C-A
7	8	21	2	16	13	YLR233C
7	8	24	2	16	14	YNR022C
7	9	2	2	16	15	YMR085W
7	9	3	2	16	16	YHR055C
7	9	4	2	16	17	YGR251W
7	9	6	2	16	18	YOR095C
7	9	14	2	16	19	YHR202W
7	9	19	2	16	20	YDL219W
7	9	20	2	16	21	YDR248C
7	9	24	2	16	22	YLR330W
7	10	1	2	16	23	YNL125C
7	10	2	2	16	24	YLR347C
7	10	3	3	1	1	YDR379W
7	10	5	3	1	2	YLR115W
7	10	6	3	1	3	YOL036W
7	10	7	3	1	4	YCR030C
7	10	8	3	1	5	YOR019W
7	10	9	3	1	6	YMR054W
7	10	13	3	1	7	YML075C
7	10	15	3	1	8	YPR055W
7	10	16	3	1	9	YLR001C
7	10	17	3	1	10	YDR205W
7	10	19	3	1	11	YER111C
7	10	21	3	1	12	YPL029W
7	10	23	3	1	13	YML061C
7	11	1	3	1	14	YIL175W
7	11	3	3	1	15	YJL189W
7	11	4	3	1	16	YNL294C
7	11	6	3	1	17	YER185W
7	11	14	3	1	18	YMR228W
7	11	20	3	1	19	YGR093W
7	11	22	3	1	20	YLR228C
7	11	24	3	1	21	YOR048C
7	12	1	3	1	22	YLL051C
7	12	2	3	1	23	YGL008C
7	12	3	3	1	24	YKL034W
7	12	4	3	2	1	YKR018C
7	12	5	3	2	2	YLR153C
7	12	6	3	2	3	YGL016W
7	12	7	3	2	4	YPR159W
7	12	8	3	2	5	YKR027W
7	12	12	3	2	6	YPR181C
7	12	13	3	2	7	YOR361C
7	12	14	3	2	8	YGR130C
7	12	16	3	2	9	YMR237W
7	12	17	3	2	10	YLR274W
7	12	19	3	2	11	YLR304C
7	12	23	3	2	12	YMR273C
7	13	3	3	2	13	YBR151W
7	13	5	3	2	14	YNL265C
7	13	6	3	2	15	YFL010W-A
7	13	8	3	2	16	YMR298W
7	13	10	3	2	17	YER128W
7	13	11	3	2	18	YDR028C
7	13	14	3	2	19	YGR111W
7	13	16	3	2	20	YJL193W
7	13	20	3	2	21	YKR041W
7	13	24	3	2	22	YOR206W
7	14	1	3	2	23	YLR223C
7	14	4	3	2	24	YNL023C
7	14	5	3	3	1	YKR010C
7	14	6	3	3	2	YER184C
7	14	7	3	3	3	YMR205C
7	14	8	3	3	4	YOL087C
7	14	10	3	3	5	YMR277W
7	14	12	3	3	6	YOR151C
7	14	13	3	3	7	YNL054W
7	14	14	3	3	8	YNL201C
7	14	17	3	3	9	YDL145C
7	14	20	3	3	10	YDL107W
7	14	23	3	3	11	YMR001C
7	14	24	3	3	12	YOR198C
7	15	2	3	3	13	YLR132C
7	15	4	3	3	14	YER053C
7	15	5	3	3	15	YOL007C
7	15	6	3	3	16	YDR459C
7	15	7	3	3	17	YJR059W
7	15	8	3	3	18	YMR210W
7	15	10	3	3	19	YDR387C
7	15	14	3	3	20	YLR164W
7	15	17	3	3	21	YOL115W
7	15	20	3	3	22	YCR061W
7	15	22	3	3	23	YGL241W
7	16	2	3	3	24	YMR179W
7	16	3	3	4	1	YDR416W
7	16	4	3	4	2	YOR112W
7	16	6	3	4	3	YOR018W
7	16	10	3	4	4	YNL224C
7	16	11	3	4	5	YML111W
7	16	13	3	4	6	YNL216W
7	16	14	3	4	7	YMR192W
7	16	15	3	4	8	YPL195W
7	16	19	3	4	9	YLR188W
7	16	20	3	4	10	YJR152W
7	16	21	3	4	11	YPL012W
7	16	22	3	4	12	YGR286C
8	1	9	3	4	13	YDL033C
8	1	17	3	4	14	YER051W
8	1	18	3	4	15	YOR289W
8	1	19	3	4	16	YIL057C
8	1	24	3	4	17	YAL031C
8	2	8	3	4	18	YJR017C
8	2	11	3	4	19	YCL008C
8	2	13	3	4	20	YDL150W
8	2	16	3	4	21	YDL087C
8	2	19	3	4	22	YDR218C
8	2	20	3	4	23	YGR116W
8	2	23	3	4	24	YDR463W
8	3	1	3	5	1	YOR372C
8	3	3	3	5	2	YDR019C
8	3	4	3	5	3	YDR446W
8	3	6	3	5	4	YDR454C
8	3	8	3	5	5	YDR453C
8	3	12	3	5	6	YDR306C
8	3	13	3	5	7	YNR014W
8	3	14	3	5	8	YOR292C
8	3	18	3	5	9	YDR352W
8	3	19	3	5	10	YJR062C
8	3	22	3	5	11	YOR113W
8	4	1	3	5	12	YPL019C
8	4	5	3	5	13	YBR112C
8	4	11	3	5	14	YEL058W
8	4	12	3	5	15	YOR368W
8	4	16	3	5	16	YDL128W
8	4	18	3	5	17	YFL059W
8	4	19	3	5	18	YNL072W
8	4	20	3	5	19	YHR080C
8	4	21	3	5	20	YER054C
8	4	22	3	5	21	YOR153W
8	5	1	3	5	22	YDR405W
8	5	4	3	5	23	YGL134W
8	5	11	3	5	24	YOR315W
8	5	12	3	6	1	YFR026C
8	5	15	3	6	2	YCR051W
8	5	17	3	6	3	YLR177W
8	5	18	3	6	4	YHR050W-A
8	5	20	3	6	5	YDR189W
8	5	24	3	6	6	YMR231W
8	6	2	3	6	7	YCR105W
8	6	3	3	6	8	YER070W
8	6	4	3	6	9	YML132W
8	6	8	3	6	10	YGL243W
8	6	9	3	6	11	YHR086W-A
8	6	10	3	6	12	YOR093C
8	6	17	3	6	13	YNL323W
8	6	18	3	6	14	YGR057C
8	6	21	3	6	15	YCR094W
8	6	22	3	6	16	YNL139C
8	7	1	3	6	17	YGL155W
8	7	2	3	6	18	YLR181C
8	7	4	3	6	19	YIR017C
8	7	5	3	6	20	YDR435C
8	7	6	3	6	21	YDR451C
8	7	10	3	6	22	YPR093C
8	7	12	3	6	23	YOR238W
8	7	14	3	6	24	YER064C
8	7	20	3	7	1	YLR014C
8	7	22	3	7	2	YLR222C
8	7	23	3	7	3	YPR201W
8	8	1	3	7	4	YBR058C
8	8	2	3	7	5	YER178W
8	8	4	3	7	6	YGL212W
8	8	5	3	7	7	YDR369C
8	8	8	3	7	8	YPR051W
8	8	9	3	7	9	YBR233W-A
8	8	12	3	7	10	YDR430C
8	8	13	3	7	11	YBR147W
8	8	14	3	7	12	YDR334W
8	8	20	3	7	13	YGL206C
8	8	22	3	7	14	YGL173C
8	8	24	3	7	15	YLR312C-B
8	9	1	3	7	16	YLR212C
8	9	2	3	7	17	YER149C
8	9	5	3	7	18	YER059W
8	9	6	3	7	19	YGL164C
8	9	8	3	7	20	YLR157C-C
8	9	9	3	7	21	YKL161C
8	9	10	3	7	22	YBR141C
8	9	11	3	7	23	YHR214W
8	9	12	3	7	24	YDR438W
8	9	13	3	8	1	YPR045C
8	9	16	3	8	2	YLR125W
8	9	19	3	8	3	YOL043C
8	9	21	3	8	4	YPL094C
8	9	22	3	8	5	YKL029C
8	9	24	3	8	6	YNL192W
8	10	2	3	8	7	YDR384C
8	10	3	3	8	8	YGL086W
8	10	4	3	8	9	YPL057C
8	10	5	3	8	10	YDR293C
8	10	6	3	8	11	YOR184W
8	10	8	3	8	12	YOR049C
8	10	13	3	8	13	YER101C
8	10	14	3	8	14	YKR021W
8	10	15	3	8	15	YMR100W
8	10	16	3	8	16	YDL192W
8	10	19	3	8	17	YOL123W
8	10	20	3	8	18	YOR326W
8	10	24	3	8	19	YDR391C
8	11	4	3	8	20	YER148W
8	11	5	3	8	21	YDL017W
8	11	6	3	8	22	YDR373W
8	11	7	3	8	23	YIL161W
8	11	15	3	8	24	YOR324C
8	11	17	3	9	1	YOR091W
8	11	20	3	9	2	YOR349W
8	11	21	3	9	3	YER037W
8	12	1	3	9	4	YDL060W
8	12	3	3	9	5	YHR211W
8	12	4	3	9	6	YMR059W
8	12	5	3	9	7	YLR240W
8	12	6	3	9	8	YDL007W
8	12	8	3	9	9	YGR189C
8	12	12	3	9	10	YNL051W
8	12	16	3	9	11	YDL002C
8	12	18	3	9	12	YGR006W
8	12	20	3	9	13	YKL010C
8	12	23	3	9	14	YNL168C
8	13	3	3	9	15	YGL043W
8	13	6	3	9	16	YFL022C
8	13	10	3	9	17	YOR287C
8	13	11	3	9	18	YMR269W
8	13	13	3	9	19	YJL118W
8	13	18	3	9	20	YHR198C
8	13	19	3	9	21	YKR035W-A
8	13	22	3	9	22	YOR381W
8	13	24	3	9	23	YFL009W
8	14	1	3	9	24	YPR010C
8	14	2	3	10	1	YLR160C
8	14	3	3	10	2	YLR127C
8	14	6	3	10	3	YER016W
8	14	7	3	10	4	YOR072W-B
8	14	11	3	10	5	YIL134C-A
8	14	12	3	10	6	YDR393W
8	14	14	3	10	7	YMR029C
8	14	15	3	10	8	YOL166W-A
8	14	20	3	10	9	YBL017C
8	14	21	3	10	10	YAL012W
8	14	22	3	10	11	YDL246C
8	14	23	3	10	12	YOR134W
8	15	1	3	10	13	YGR147C
8	15	4	3	10	14	YIL122W
8	15	5	3	10	15	YNL326C
8	15	6	3	10	16	YGR208W
8	15	9	3	10	17	YOL107W
8	15	10	3	10	18	YGR052W
8	15	11	3	10	19	YKR070W
8	15	13	3	10	20	YDR124W
8	15	14	3	10	21	YDR336W
8	15	17	3	10	22	YMR115W
8	15	20	3	10	23	YMR218C
8	15	22	3	10	24	YKL210W
8	16	1	3	11	1	YMR078C
8	16	2	3	11	2	YOL031C
8	16	9	3	11	3	YAL046C
8	16	12	3	11	4	YMR196W
8	16	18	3	11	5	YCR073W-A
8	16	19	3	11	6	YPR088C
8	16	20	3	11	7	YJR066W
9	1	3	3	11	8	YDR346C
9	1	4	3	11	9	YGR170W
9	1	7	3	11	10	YGR059W
9	1	8	3	11	11	YGL133W
9	1	9	3	11	12	YMR025W
9	1	10	3	11	13	YKL219W
9	1	13	3	11	14	YIL079C
9	1	14	3	11	15	YGR155W
9	1	17	3	11	16	YGL027C
9	1	19	3	11	17	YDL040C
9	1	22	3	11	18	YNL039W
9	1	23	3	11	19	YHR119W
9	1	24	3	11	20	YML031W
9	2	4	3	11	21	YOR117W
9	2	5	3	11	22	YAL010C
9	2	6	3	11	23	YDL066W
9	2	10	3	11	24	YCR010C
9	2	11	3	12	1	YDR322W
9	2	12	3	12	2	YDR110W
9	2	14	3	12	3	YLL028W
9	2	16	3	12	4	YGL209W
9	2	18	3	12	5	YPL075W
9	2	19	3	12	6	YOR120W
9	2	20	3	12	7	YKL020C
9	2	22	3	12	8	YIR033W
9	2	23	3	12	9	YMR201C
9	2	24	3	12	10	YGR233C
9	3	1	3	12	11	YNL239W
9	3	2	3	12	12	YGL163C
9	3	3	3	12	13	YDR478W
9	3	4	3	12	14	YGL093W
9	3	6	3	12	15	YHL007C
9	3	9	3	12	16	YKL140W
9	3	10	3	12	17	YLL052C
9	3	13	3	12	18	YML054C
9	3	14	3	12	19	YBR227C
9	3	15	3	12	20	YAL034C
9	3	16	3	12	21	YHR061C
9	3	18	3	12	22	YGL171W
9	3	19	3	12	23	YHR082C
9	3	20	3	12	24	YNL173C
9	3	21	3	13	1	YML034W
9	3	22	3	13	2	YBR302C
9	3	24	3	13	3	YGR142W
9	4	1	3	13	4	YIL132C
9	4	2	3	13	5	YKL172W
9	4	3	3	13	6	YKL194C
9	4	4	3	13	7	YOR032C
9	4	6	3	13	8	YHR176W
9	4	7	3	13	9	YPL266W
9	4	10	3	13	10	YKL139W
9	4	11	3	13	11	YBR021W
9	4	13	3	13	12	YHR063C
9	4	14	3	13	13	YGR077C
9	4	18	3	13	14	YDR351W
9	4	19	3	13	15	YHR151C
9	4	20	3	13	16	YDR303C
9	4	21	3	13	17	YGR101W
9	4	22	3	13	18	YBR073W
9	5	3	3	13	19	YDR524C
9	5	6	3	13	20	YPR026W
9	5	7	3	13	21	YDR169C
9	5	8	3	13	22	YLR436C
9	5	10	3	13	23	YOR212W
9	5	12	3	13	24	YDR500C
9	5	15	3	14	1	YER044C-A
9	5	16	3	14	2	YKL191W
9	5	18	3	14	3	YKL011C
9	5	19	3	14	4	YJL165C
9	5	21	3	14	5	YJL084C
9	5	22	3	14	6	YJR001W
9	6	2	3	14	7	YPR018W
9	6	3	3	14	8	YGR141W
9	6	4	3	14	9	YLR085C
9	6	5	3	14	10	YMR093W
9	6	6	3	14	11	YMR062C
9	6	8	3	14	12	YOR119C
9	6	11	3	14	13	YPL210C
9	6	12	3	14	14	YGR088W
9	6	15	3	14	15	YOL071W
9	6	19	3	14	16	YKL094W
9	6	20	3	14	17	YGL156W
9	6	24	3	14	18	YPL217C
9	7	1	3	14	19	YOL072W
9	7	2	3	14	20	YHR077C
9	7	3	3	14	21	YJR102C
9	7	4	3	14	22	YIL017C
9	7	5	3	14	23	YHR038W
9	7	6	3	14	24	YIL075C
9	7	7	3	15	1	YER073W
9	7	9	3	15	2	YPL228W
9	7	15	3	15	3	YPL093W
9	7	16	3	15	4	YDR530C
9	7	17	3	15	5	YHR073W
9	7	19	3	15	6	YHR047C
9	7	20	3	15	7	YDR037W
9	7	21	3	15	8	YNL325C
9	7	23	3	15	9	YDR096W
9	8	3	3	15	10	YKL152C
9	8	4	3	15	11	YPL263C
9	8	5	3	15	12	YLR367W
9	8	6	3	15	13	YOL041C
9	8	9	3	15	14	YGR216C
9	8	10	3	15	15	YPL186C
9	8	11	3	15	16	YML060W
9	8	16	3	15	17	YNR019W
9	8	18	3	15	18	YDR310C
9	8	21	3	15	19	YHR002W
9	8	22	3	15	20	YDR069C
9	8	24	3	15	21	YDL035C
9	9	1	3	15	22	YBR118W
9	9	4	3	15	23	YIL048W
9	9	5	3	15	24	YHR070W
9	9	6	3	16	1	YOR335C
9	9	7	3	16	2	YIL050W
9	9	12	3	16	3	YBR083W
9	9	13	3	16	4	YNR015W
9	9	15	3	16	5	YPL023C
9	9	16	3	16	6	YGR041W
9	9	17	3	16	7	YBL008W
9	9	18	3	16	8	YPL011C
9	9	21	3	16	9	YJR132W
9	9	23	3	16	10	YGL094C
9	9	24	3	16	11	YAL042W
9	10	1	3	16	12	YDL097C
9	10	4	3	16	13	YDL131W
9	10	5	3	16	14	YPL241C
9	10	6	3	16	15	YPR131C
9	10	7	3	16	16	YPL086C
9	10	8	3	16	17	YLR183C
9	10	9	3	16	18	YCR034W
9	10	10	3	16	19	YPL128C
9	10	11	3	16	20	YKL148C
9	10	12	3	16	21	YML070W
9	10	13	3	16	22	YBR036C
9	10	14	3	16	23	YCR008W
9	10	15	3	16	24	YLR195C
9	10	17	4	1	1	YJL177W
9	10	19	4	1	2	YDR057W
9	10	21	4	1	3	YCL018W
9	10	22	4	1	4	YLR096W
9	10	24	4	1	5	YJL076W
9	11	3	4	1	6	YDR167W
9	11	4	4	1	7	YGR070W
9	11	5	4	1	8	YNL169C
9	11	6	4	1	9	YHR120W
9	11	8	4	1	10	YKL015W
9	11	9	4	1	11	YOL013C
9	11	10	4	1	12	YOR209C
9	11	13	4	1	13	YPR054W
9	11	14	4	1	14	YHR207C
9	11	15	4	1	15	YLR431C
9	11	17	4	1	16	YAL035W
9	11	19	4	1	17	YFL050C
9	11	20	4	1	18	YJR002W
9	11	23	4	1	19	YDR074W
9	12	1	4	1	20	YGR038W
9	12	2	4	1	21	YPR155C
9	12	3	4	1	22	YBR257W
9	12	4	4	1	23	YBR279W
9	12	6	4	1	24	YKL144C
9	12	8	4	2	1	YLL045C
9	12	9	4	2	2	YDR143C
9	12	10	4	2	3	YKL216W
9	12	11	4	2	4	YDL188C
9	12	12	4	2	5	YMR250W
9	12	14	4	2	6	YIR021W
9	12	15	4	2	7	YBR278W
9	12	17	4	2	8	YJR150C
9	12	21	4	2	9	YHR037W
9	12	23	4	2	10	YKR061W
9	13	2	4	2	11	YPR021C
9	13	4	4	2	12	YHR098C
9	13	5	4	2	13	YPL124W
9	13	6	4	2	14	YDR097C
9	13	11	4	2	15	YGR092W
9	13	13	4	2	16	YDR419W
9	13	14	4	2	17	YCL031C
9	13	15	4	2	18	YML056C
9	13	16	4	2	19	YOR075W
9	13	17	4	2	20	YMR053C
9	13	18	4	2	21	YHR150W
9	13	19	4	2	22	YDR325W
9	13	21	4	2	23	YHR154W
9	13	24	4	2	24	YNL130C
9	14	1	4	3	1	YHR118C
9	14	2	4	3	2	YOL124C
9	14	3	4	3	3	YHR183W
9	14	4	4	3	4	YNL279W
9	14	5	4	3	5	YHR046C
9	14	6	4	3	6	YMR133W
9	14	7	4	3	7	YGR292W
9	14	9	4	3	8	YLR158C
9	14	10	4	3	9	YLR417W
9	14	11	4	3	10	YGL124C
9	14	12	4	3	11	YNR035C
9	14	13	4	3	12	YGL187C
9	14	14	4	3	13	YPL081W
9	14	18	4	3	14	YJL050W
9	14	19	4	3	15	YEL004W
9	14	20	4	3	16	YNL163C
9	14	21	4	3	17	YCR102C
9	14	24	4	3	18	YIR023W
9	15	1	4	3	19	YHR175W
9	15	2	4	3	20	YLR309C
9	15	3	4	3	21	YGR081C
9	15	4	4	3	22	YFR031C
9	15	5	4	3	23	YFL021W
9	15	6	4	3	24	YGL238W
9	15	9	4	4	1	YGL091C
9	15	10	4	4	2	YJR065C
9	15	16	4	4	3	YJR064W
9	15	17	4	4	4	YFL025C
9	15	18	4	4	5	YER179W
9	15	19	4	4	6	YDR285W
9	15	21	4	4	7	YLR045C
9	16	4	4	4	8	YPL202C
9	16	9	4	4	9	YCR107W
9	16	10	4	4	10	YIL021W
9	16	11	4	4	11	YMR214W
9	16	14	4	4	12	YML071C
9	16	16	4	4	13	YIL031W
9	16	18	4	4	14	YJL078C
9	16	20	4	4	15	YDR409W
9	16	21	4	4	16	YGR278W
9	16	22	4	4	17	YKL201C
10	1	3	4	4	18	YOR346W
10	1	8	4	4	19	YOR341W
10	1	9	4	4	20	YOR216C
10	1	10	4	4	21	YBR208C
10	1	11	4	4	22	YJL126W
10	1	14	4	4	23	YKL157W
10	1	16	4	4	24	YBR235W
10	1	18	4	5	1	YKL050C
10	1	21	4	5	2	YOR165W
10	1	22	4	5	3	YBR004C
10	1	23	4	5	4	YOL095C
10	1	24	4	5	5	YMR221C
10	2	3	4	5	6	YPR046W
10	2	5	4	5	7	YPL258C
10	2	6	4	5	8	YMR217W
10	2	8	4	5	9	YOR311C
10	2	10	4	5	10	YPL243W
10	2	13	4	5	11	YGR020C
10	2	14	4	5	12	YDR465C
10	2	16	4	5	13	YLL035W
10	2	17	4	5	14	YOL083W
10	2	18	4	5	15	YLR351C
10	2	20	4	5	16	YDR164C
10	2	21	4	5	17	YPL117C
10	2	22	4	5	18	YPL175W
10	2	23	4	5	19	YJR118C
10	2	24	4	5	20	YPL190C
10	3	1	4	5	21	YEL031W
10	3	2	4	5	22	YPL032C
10	3	3	4	5	23	YFR040W
10	3	4	4	5	24	YJL094C
10	3	5	4	6	1	YKL106W
10	3	11	4	6	2	YPR198W
10	3	12	4	6	3	YLR207W
10	3	13	4	6	4	YKL032C
10	3	14	4	6	5	YDR122W
10	3	15	4	6	6	YNL167C
10	3	17	4	6	7	YKR024C
10	3	19	4	6	8	YNL258C
10	3	21	4	6	9	YBR001C
10	3	23	4	6	10	YIL095W
10	3	24	4	6	11	YPL272C
10	4	3	4	6	12	YCL048W
10	4	4	4	6	13	YLR034C
10	4	5	4	6	14	YOR278W
10	4	10	4	6	15	YNL332W
10	4	13	4	6	16	YBL091C
10	4	16	4	6	17	YKL204W
10	4	18	4	6	18	YIL144W
10	4	21	4	6	19	YDL127W
10	4	23	4	6	20	YCL067C
10	4	24	4	6	21	YER065C
10	5	1	4	6	22	YDR166C
10	5	3	4	6	23	YDR407C
10	5	4	4	6	24	YBL079W
10	5	6	4	7	1	YCR089W
10	5	7	4	7	2	YIL074C
10	5	10	4	7	3	YJL042W
10	5	12	4	7	4	YJL204C
10	5	15	4	7	5	YGL113W
10	5	18	4	7	6	YLR409C
10	5	19	4	7	7	YPL074W
10	5	21	4	7	8	YGL145W
10	6	3	4	7	9	YPR157W
10	6	4	4	7	10	YCL026C-A
10	6	7	4	7	11	YOL052C
10	6	8	4	7	12	YOL056W
10	6	9	4	7	13	YFL060C
10	6	12	4	7	14	YKL155C
10	6	14	4	7	15	YMR113W
10	6	15	4	7	16	YIL114C
10	6	17	4	7	17	YMR003W
10	6	19	4	7	18	YKL098W
10	6	20	4	7	19	YJL082W
10	6	21	4	7	20	YHR104W
10	6	22	4	7	21	YGR237C
10	6	24	4	7	22	YDL132W
10	7	1	4	7	23	YKR103W
10	7	2	4	7	24	YER040W
10	7	3	4	8	1	YPL040C
10	7	4	4	8	2	YOR141C
10	7	5	4	8	3	YNL206C
10	7	8	4	8	4	YJL039C
10	7	11	4	8	5	YDR358W
10	7	14	4	8	6	YIL112W
10	7	15	4	8	7	YOR001W
10	7	16	4	8	8	YDR128W
10	7	18	4	8	9	YHR155W
10	7	21	4	8	10	YOR035C
10	7	22	4	8	11	YCL069W
10	7	23	4	8	12	YJR126C
10	8	3	4	8	13	YPL254W
10	8	5	4	8	14	YPR103W
10	8	6	4	8	15	YGR120C
10	8	8	4	8	16	YCL009C
10	8	10	4	8	17	YLR447C
10	8	12	4	8	18	YNL020C
10	8	16	4	8	19	YFR029W
10	8	20	4	8	20	YBR143C
10	8	21	4	8	21	YLR007W
10	8	22	4	8	22	YDR188W
10	8	24	4	8	23	YBL039C
10	9	4	4	8	24	YPL167C
10	9	5	4	9	1	YDL235C
10	9	6	4	9	2	YCL014W
10	9	8	4	9	3	YKR031C
10	9	11	4	9	4	YKR002W
10	9	13	4	9	5	YKL166C
10	9	16	4	9	6	YPL150W
10	10	1	4	9	7	YPR186C
10	10	2	4	9	8	YOR103C
10	10	3	4	9	9	YOL111C
10	10	5	4	9	10	YOR386W
10	10	6	4	9	11	YGL179C
10	10	10	4	9	12	YOL091W
10	10	11	4	9	13	YCL050C
10	10	15	4	9	14	YNL160W
10	10	16	4	9	15	YBR117C
10	10	17	4	9	16	YMR027W
10	10	19	4	9	17	YGL200C
10	10	20	4	9	18	YGR003W
10	10	21	4	9	19	YLR070C
10	10	22	4	9	20	YBR114W
10	11	4	4	9	21	YDR206W
10	11	6	4	9	22	YBR245C
10	11	10	4	9	23	YMR259C
10	11	12	4	9	24	YOR133W
10	11	16	4	10	1	YNL313C
10	11	19	4	10	2	YLR072W
10	11	22	4	10	3	YOL125W
10	11	24	4	10	4	YMR144W
10	12	2	4	10	5	YML068W
10	12	3	4	10	6	YOR351C
10	12	4	4	10	7	YLR314C
10	12	5	4	10	8	YNL194C
10	12	6	4	10	9	YIL093C
10	12	10	4	10	10	YBL033C
10	12	12	4	10	11	YKR056W
10	12	13	4	10	12	YGR049W
10	12	15	4	10	13	YNL288W
10	12	17	4	10	14	YNL010W
10	12	18	4	10	15	YFR015C
10	12	20	4	10	16	YIL071C
10	12	21	4	10	17	YDR354W
10	12	22	4	10	18	YFL011W
10	12	24	4	10	19	YHR172W
10	13	1	4	10	20	YDR238C
10	13	3	4	10	21	YCR073C
10	13	6	4	10	22	YMR219W
10	13	7	4	10	23	YLL027W
10	13	10	4	10	24	YDR464W
10	13	11	4	11	1	YHR108W
10	13	13	4	11	2	YML080W
10	13	14	4	11	3	YDL117W
10	13	15	4	11	4	YFL042C
10	13	16	4	11	5	YJR090C
10	13	18	4	11	6	YPL137C
10	13	19	4	11	7	YDL206W
10	13	20	4	11	8	YLR312C
10	13	21	4	11	9	YIL068C
10	13	24	4	11	10	YLR097C
10	14	2	4	11	11	YBR093C
10	14	5	4	11	12	YOR101W
10	14	10	4	11	13	YFR023W
10	14	12	4	11	14	YLR107W
10	14	18	4	11	15	YLR440C
10	14	21	4	11	16	YPR168W
10	14	22	4	11	17	YPL045W
10	15	1	4	11	18	YDR104C
10	15	2	4	11	19	YNL126W
10	15	4	4	11	20	YHR164C
10	15	6	4	11	21	YDR217C
10	15	8	4	11	22	YKL014C
10	15	12	4	11	23	YFR038W
10	15	14	4	11	24	YIL151C
10	15	15	4	12	1	YKL054C
10	15	16	4	12	2	YBR033W
10	15	17	4	12	3	YDR138W
10	15	20	4	12	4	YMR067C
10	15	21	4	12	5	YNL021W
10	16	3	4	12	6	YDL180W
10	16	12	4	12	7	YER103W
10	16	15	4	12	8	YGR168C
10	16	16	4	12	9	YLR117C
10	16	17	4	12	10	YPR127W
10	16	19	4	12	11	YOR174W
10	16	20	4	12	12	YBL011W
10	16	22	4	12	13	YER109C
11	1	3	4	12	14	YKR053C
11	1	4	4	12	15	YIL089W
11	1	7	4	12	16	YJL008C
11	1	10	4	12	17	YKL176C
11	1	12	4	12	18	YBR261C
11	1	15	4	12	19	YHR101C
11	1	19	4	12	20	YOL062C
11	1	20	4	12	21	YMR227C
11	1	24	4	12	22	YIL104C
11	2	5	4	12	23	YBR267W
11	2	7	4	12	24	YDL053C
11	2	8	4	13	1	YML079W
11	2	9	4	13	2	YBR071W
11	2	12	4	13	3	YDL076C
11	2	16	4	13	4	YLL049W
11	2	18	4	13	5	YNL011C
11	2	19	4	13	6	YDR132C
11	2	22	4	13	7	YFL055W
11	2	23	4	13	8	YER158C
11	2	24	4	13	9	YNL176C
11	3	1	4	13	10	YJR147W
11	3	2	4	13	11	YLR437C
11	3	4	4	13	12	YHL012W
11	3	6	4	13	13	YMR232W
11	3	8	4	13	14	YDL176W
11	3	15	4	13	15	YFL041W
11	3	16	4	13	16	YBR138C
11	3	17	4	13	17	YJR078W
11	3	19	4	13	18	YDL083C
11	3	23	4	13	19	YDR229W
11	4	2	4	13	20	YJL181W
11	4	3	4	13	21	YML119W
11	4	4	4	13	22	YBR013C
11	4	7	4	13	23	YGR016W
11	4	8	4	13	24	YLR145W
11	4	9	4	14	1	YKL133C
11	4	12	4	14	2	YPR171W
11	4	13	4	14	3	YPR147C
11	4	15	4	14	4	YIR041W
11	4	18	4	14	5	YNR018W
11	4	20	4	14	6	YGL117W
11	4	22	4	14	7	YDR117C
11	4	23	4	14	8	YLL058W
11	5	1	4	14	9	YDR047W
11	5	3	4	14	10	YOL126C
11	5	4	4	14	11	YEL041W
11	5	5	4	14	12	YLR121C
11	5	6	4	14	13	YPR074C
11	5	8	4	14	14	YDR211W
11	5	9	4	14	15	YOR340C
11	5	10	4	14	16	YDR499W
11	5	11	4	14	17	YLR210W
11	5	16	4	14	18	YGR017W
11	5	18	4	14	19	YHR185C
11	5	21	4	14	20	YPR145W
11	5	22	4	14	21	YAL025C
11	5	24	4	14	22	YFL044C
11	6	3	4	14	23	YER187W
11	6	4	4	14	24	YPL279C
11	6	5	4	15	1	YJR080C
11	6	7	4	15	2	YGR263C
11	6	10	4	15	3	YMR155W
11	6	11	4	15	4	YJR116W
11	6	12	4	15	5	YHR187W
11	6	17	4	15	6	YLR031W
11	6	18	4	15	7	YMR322C
11	6	19	4	15	8	YPL017C
11	6	23	4	15	9	YNL275W
11	7	2	4	15	10	YPL252C
11	7	4	4	15	11	YNL283C
11	7	5	4	15	12	YCL004W
11	7	6	4	15	13	YDR172W
11	7	7	4	15	14	YFR034C
11	7	8	4	15	15	YJL112W
11	7	10	4	15	16	YGL108C
11	7	12	4	15	17	YOR391C
11	7	13	4	15	18	YMR282C
11	7	14	4	15	19	YMR206W
11	7	18	4	15	20	YMR004W
11	7	20	4	15	21	YGL066W
11	7	21	4	15	22	YKR059W
11	7	24	4	15	23	YPL039W
11	8	3	4	15	24	YPL236C
11	8	7	4	16	1	YIL157C
11	8	9	4	16	2	YGR201C
11	8	12	4	16	3	YBR061C
11	8	13	4	16	4	YER014C-A
11	8	14	4	16	5	YPL191C
11	8	15	4	16	6	YNR048W
11	8	18	4	16	7	YDR198C
11	8	20	4	16	8	YBR030W
11	8	21	4	16	9	YMR099C
11	8	22	4	16	10	YLR199C
11	8	23	4	16	11	YJL216C
11	9	2	4	16	12	YML005W
11	9	3	4	16	13	YML097C
11	9	6	4	16	14	YLR143W
11	9	8	4	16	15	YLR362W
11	9	9	4	16	16	YKR081C
11	9	12	4	16	17	YER182W
11	9	13	4	16	18	YBR299W
11	9	15	4	16	19	YPL161C
11	9	16	4	16	20	YMR299C
11	9	18	4	16	21	YDR501W
11	9	23	4	16	22	YDL027C
11	10	2	4	16	23	YMR098C
11	10	3	4	16	24	YBR255C-A
11	10	4	5	1	1	YNR074C
11	10	5	5	1	2	YNR021W
11	10	6	5	1	3	YNR024W
11	10	7	5	1	4	YOR059C
11	10	9	5	1	5	YAR028W
11	10	10	5	1	6	YNL019C
11	10	17	5	1	7	YMR111C
11	10	19	5	1	8	YDR330W
11	10	20	5	1	9	YMR178W
11	10	24	5	1	10	YIL125W
11	11	2	5	1	11	YKL069W
11	11	6	5	1	12	YIL105C
11	11	7	5	1	13	YOR158W
11	11	8	5	1	14	YGL114W
11	11	11	5	1	15	YKL184W
11	11	13	5	1	16	YDL108W
11	11	16	5	1	17	YCR015C
11	11	18	5	1	18	YOL033W
11	11	19	5	1	19	YGL078C
11	11	22	5	1	20	YLR079W
11	11	23	5	1	21	YAL065C
11	11	24	5	1	22	YDL244W
11	12	1	5	1	23	YJR079W
11	12	2	5	1	24	YAL048C
11	12	3	5	2	1	YPR078C
11	12	6	5	2	2	YPR172W
11	12	7	5	2	3	YNL260C
11	12	8	5	2	4	YBR056W
11	12	10	5	2	5	YBR220C
11	12	11	5	2	6	YIL172C
11	12	12	5	2	7	YJR100C
11	12	14	5	2	8	YLR161W
11	12	16	5	2	9	YER079W
11	12	18	5	2	10	YLR345W
11	12	19	5	2	11	YGL250W
11	12	24	5	2	12	YJL047C
11	13	2	5	2	13	YHR081W
11	13	3	5	2	14	YML095C
11	13	5	5	2	15	YNL075W
11	13	6	5	2	16	YJR110W
11	13	7	5	2	17	YDL079C
11	13	8	5	2	18	YJL051W
11	13	11	5	2	19	YBR214W
11	13	13	5	2	20	YOR313C
11	13	15	5	2	21	YEL060C
11	13	18	5	2	22	YDR145W
11	13	19	5	2	23	YNL291C
11	13	22	5	2	24	YML025C
11	13	23	5	3	1	YCL005W-A
11	13	24	5	3	2	YPL216W
11	14	5	5	3	3	YER034W
11	14	6	5	3	4	YBL072C
11	14	8	5	3	5	YER010C
11	14	9	5	3	6	YOL070C
11	14	11	5	3	7	YLR128W
11	14	13	5	3	8	YLL007C
11	14	15	5	3	9	YMR040W
11	14	16	5	3	10	YMR323W
11	14	17	5	3	11	YOL162W
11	14	18	5	3	12	YPL159C
11	14	21	5	3	13	YNL182C
11	14	22	5	3	14	YOR154W
11	14	23	5	3	15	YCR095C
11	14	24	5	3	16	YGR188C
11	15	2	5	3	17	YBR014C
11	15	3	5	3	18	YJR074W
11	15	5	5	3	19	YER055C
11	15	7	5	3	20	YOR370C
11	15	8	5	3	21	YMR216C
11	15	12	5	3	22	YDR131C
11	15	17	5	3	23	YNL289W
11	16	1	5	3	24	YKR100C
11	16	5	5	4	1	YBR063C
11	16	10	5	4	2	YDL129W
11	16	20	5	4	3	YNL033W
11	16	22	5	4	4	YOR073W
12	1	3	5	4	5	YML010W
12	1	5	5	4	6	YGL233W
12	1	6	5	4	7	YJL057C
12	1	7	5	4	8	YBR218C
12	1	8	5	4	9	YPL158C
12	1	11	5	4	10	YJR112W-A
12	1	12	5	4	11	YFL023W
12	1	14	5	4	12	YKL028W
12	1	18	5	4	13	YGR055W
12	1	22	5	4	14	YDR291W
12	1	24	5	4	15	YMR066W
12	2	4	5	4	16	YML124C
12	2	6	5	4	17	YLR355C
12	2	8	5	4	18	YJL198W
12	2	10	5	4	19	YBR017C
12	2	14	5	4	20	YMR200W
12	2	18	5	4	21	YHR134W
12	2	19	5	4	22	YFL036W
12	2	20	5	4	23	YER083C
12	2	21	5	4	24	YFL007W
12	2	22	5	5	1	YER082C
12	2	23	5	5	2	YHR005C-A
12	2	24	5	5	3	YKL096W
12	3	6	5	5	4	YKL187C
12	3	8	5	5	5	YHL029C
12	3	9	5	5	6	YDL019C
12	3	10	5	5	7	YGR099W
12	3	11	5	5	8	YNL138W-A
12	3	12	5	5	9	YBR238C
12	3	13	5	5	10	YOR056C
12	3	17	5	5	11	YMR168C
12	3	18	5	5	12	YBR065C
12	3	19	5	5	13	YNL281W
12	3	21	5	5	14	YER056C-A
12	3	22	5	5	15	YFL003C
12	4	2	5	5	16	YOR009W
12	4	3	5	5	17	YGL032C
12	4	4	5	5	18	YOR279C
12	4	5	5	5	19	YGR095C
12	4	6	5	5	20	YLR248W
12	4	7	5	5	21	YER014W
12	4	8	5	5	22	YDR040C
12	4	11	5	5	23	YPL059W
12	4	14	5	5	24	YLR323C
12	4	15	5	6	1	YPL265W
12	4	17	5	6	2	YJL222W
12	4	19	5	6	3	YAL017W
12	4	20	5	6	4	YGL065C
12	4	23	5	6	5	YNL030W
12	5	3	5	6	6	YHR102W
12	5	4	5	6	7	YMR313C
12	5	5	5	6	8	YDL231C
12	5	6	5	6	9	YBL051C
12	5	8	5	6	10	YJL206C
12	5	12	5	6	11	YJL087C
12	5	19	5	6	12	YHR123W
12	5	20	5	6	13	YDR505C
12	5	21	5	6	14	YAL014C
12	5	24	5	6	15	YLR373C
12	6	1	5	6	16	YLR067C
12	6	2	5	6	17	YHL033C
12	6	3	5	6	18	YNL244C
12	6	5	5	6	19	YPL259C
12	6	6	5	6	20	YNL104C
12	6	8	5	6	21	YCL061C
12	6	9	5	6	22	YNL197C
12	6	12	5	6	23	YLR461W
12	6	14	5	6	24	YPL237W
12	6	16	5	7	1	YBL020W
12	6	19	5	7	2	YDR227W
12	6	21	5	7	3	YBR136W
12	6	22	5	7	4	YJL105W
12	6	23	5	7	5	YJR022W
12	7	1	5	7	6	YOL089C
12	7	4	5	7	7	YMR005W
12	7	6	5	7	8	YLL043W
12	7	7	5	7	9	YML091C
12	7	8	5	7	10	YAL023C
12	7	9	5	7	11	YGR121W-A
12	7	10	5	7	12	YGL120C
12	7	12	5	7	13	YJL089W
12	7	14	5	7	14	YJR122W
12	7	16	5	7	15	YKL089W
12	7	17	5	7	16	YGR013W
12	7	18	5	7	17	YGR185C
12	7	19	5	7	18	YDL008W
12	7	20	5	7	19	YDR017C
12	7	22	5	7	20	YHR056C
12	8	2	5	7	21	YNR002C
12	8	3	5	7	22	YGL121C
12	8	6	5	7	23	YKL048C
12	8	8	5	7	24	YHR079C
12	8	10	5	8	1	YPR019W
12	8	11	5	8	2	YGL242C
12	8	12	5	8	3	YBR282W
12	8	13	5	8	4	YPL196W
12	8	14	5	8	5	YMR020W
12	8	15	5	8	6	YNL095C
12	8	16	5	8	7	YER068W
12	8	17	5	8	8	YNR031C
12	8	19	5	8	9	YJR127C
12	8	22	5	8	10	YBR251W
12	8	24	5	8	11	YGR135W
12	9	1	5	8	12	YDR160W
12	9	3	5	8	13	YOL100W
12	9	5	5	8	14	YGR056W
12	9	8	5	8	15	YJL034W
12	9	10	5	8	16	YBR259W
12	9	12	5	8	17	YOR375C
12	9	15	5	8	18	YCL038C
12	9	16	5	8	19	YNL229C
12	9	18	5	8	20	YNR055C
12	9	19	5	8	21	YOR259C
12	9	20	5	8	22	YBR179C
12	9	21	5	8	23	YMR285C
12	9	22	5	8	24	YBR059C
12	9	24	5	9	1	YEL025C
12	10	1	5	9	2	YOL084W
12	10	2	5	9	3	YPL149W
12	10	6	5	9	4	YIR002C
12	10	7	5	9	5	YHL025W
12	10	8	5	9	6	YJR109C
12	10	9	5	9	7	YAR018C
12	10	10	5	9	8	YPR104C
12	10	12	5	9	9	YJL155C
12	10	13	5	9	10	YJL174W
12	10	15	5	9	11	YKL195W
12	10	19	5	9	12	YGR296W
12	10	20	5	9	13	YOL077C
12	10	21	5	9	14	YPR117W
12	10	24	5	9	15	YFL016C
12	11	1	5	9	16	YPL008W
12	11	2	5	9	17	YDR046C
12	11	3	5	9	18	YPL160W
12	11	4	5	9	19	YGR010W
12	11	5	5	9	20	YKR102W
12	11	10	5	9	21	YHR020W
12	11	11	5	9	22	YCR097W
12	11	14	5	9	23	YKR026C
12	11	16	5	9	24	YPL120W
12	11	18	5	10	1	YNL292W
12	11	21	5	10	2	YPR005C
12	11	22	5	10	3	YLR092W
12	11	23	5	10	4	YER086W
12	11	24	5	10	5	YKR096W
12	12	3	5	10	6	YNL214W
12	12	4	5	10	7	YGR163W
12	12	5	5	10	8	YPL097W
12	12	6	5	10	9	YDR385W
12	12	9	5	10	10	YCR079W
12	12	10	5	10	11	YAR042W
12	12	11	5	10	12	YMR132C
12	12	12	5	10	13	YDL161W
12	12	15	5	10	14	YPR161C
12	12	16	5	10	15	YNR006W
12	12	17	5	10	16	YNL297C
12	12	19	5	10	17	YER105C
12	12	21	5	10	18	YMR280C
12	12	23	5	10	19	YHR215W
12	12	24	5	10	20	Q0275
12	13	1	5	10	21	YLR039C
12	13	2	5	10	22	YGL175C
12	13	5	5	10	23	YIL002C
12	13	6	5	10	24	YBR080C
12	13	9	5	11	1	YKR095W-A
12	13	10	5	11	2	YJR040W
12	13	12	5	11	3	YMR223W
12	13	14	5	11	4	YMR300C
12	13	15	5	11	5	YBR163W
12	13	17	5	11	6	YOL025W
12	13	18	5	11	7	YHR107C
12	13	20	5	11	8	YJL041W
12	13	21	5	11	9	YOR065W
12	14	1	5	11	10	YMR012W
12	14	3	5	11	11	YHR146W
12	14	6	5	11	12	YPL125W
12	14	7	5	11	13	YAL067C
12	14	8	5	11	14	YBL022C
12	14	9	5	11	15	YKL006C-A
12	14	10	5	11	16	YDR356W
12	14	12	5	11	17	YER038C
12	14	13	5	11	18	YHR199C
12	14	14	5	11	19	YJL153C
12	14	17	5	11	20	YDR216W
12	14	18	5	11	21	YDR098C
12	14	21	5	11	22	YLR419W
12	14	22	5	11	23	YBR253W
12	14	23	5	11	24	YOL110W
12	14	24	5	12	1	YNL032W
12	15	2	5	12	2	YLR088W
12	15	3	5	12	3	YBL063W
12	15	4	5	12	4	YOR076C
12	15	5	5	12	5	YLL003W
12	15	6	5	12	6	YMR164C
12	15	7	5	12	7	YMR076C
12	15	8	5	12	8	YCL045C
12	15	9	5	12	9	YLR105C
12	15	10	5	12	10	YBR156C
12	15	11	5	12	11	YML094W
12	15	13	5	12	12	YPL198W
12	15	15	5	12	13	YKR080W
12	15	18	5	12	14	YDR263C
12	15	19	5	12	15	YOR229W
12	15	20	5	12	16	YPL141C
12	15	22	5	12	17	YOR371C
12	16	1	5	12	18	YML009C
12	16	3	5	12	19	YGL135W
12	16	4	5	12	20	YKR093W
12	16	5	5	12	21	YGL119W
12	16	7	5	12	22	YMR058W
12	16	9	5	12	23	YDL147W
12	16	10	5	12	24	YCR033W
12	16	11	5	13	1	YDL075W
12	16	12	5	13	2	YOR177C
12	16	13	5	13	3	YNL094W
12	16	15	5	13	4	YGR157W
12	16	17	5	13	5	YOL138C
12	16	19	5	13	6	YKL182W
12	16	20	5	13	7	YNL006W
12	16	22	5	13	8	YMR188C
13	1	5	5	13	9	YHR084W
13	1	6	5	13	10	YPL274W
13	1	8	5	13	11	YNR075C-A
13	1	15	5	13	12	YHR132C
13	1	17	5	13	13	YDL111C
13	1	19	5	13	14	YBR085W
13	1	21	5	13	15	YMR137C
13	1	22	5	13	16	YOR068C
13	1	23	5	13	17	YNL164C
13	2	3	5	13	18	YNL282W
13	2	4	5	13	19	YPL155C
13	2	5	5	13	20	YDR400W
13	2	7	5	13	21	YLR103C
13	2	10	5	13	22	YOR291W
13	2	14	5	13	23	YGL194C
13	2	16	5	13	24	YLR154C-H
13	2	17	5	14	1	YOR147W
13	2	20	5	14	2	YKR082W
13	2	22	5	14	3	YHR214C-E
13	2	24	5	14	4	YKL008C
13	3	1	5	14	5	YHR007C
13	3	2	5	14	6	YDR001C
13	3	5	5	14	7	YDR314C
13	3	6	5	14	8	YNL331C
13	3	9	5	14	9	YOR393W
13	3	14	5	14	10	YMR117C
13	3	16	5	14	11	YMR318C
13	3	18	5	14	12	YDR343C
13	3	19	5	14	13	YNR072W
13	3	21	5	14	14	YOR350C
13	3	22	5	14	15	YEL049W
13	3	23	5	14	16	YCL016C
13	4	1	5	14	17	YDR165W
13	4	3	5	14	18	YNR045W
13	4	4	5	14	19	YKL173W
13	4	5	5	14	20	YBR132C
13	4	7	5	14	21	YPL028W
13	4	8	5	14	22	YDR378C
13	4	9	5	14	23	YJL012C-A
13	4	14	5	14	24	YER045C
13	4	19	5	15	1	YPL273W
13	4	20	5	15	2	YLL034C
13	4	22	5	15	3	YBR121C
13	4	23	5	15	4	YKL217W
13	4	24	5	15	5	YAL033W
13	5	3	5	15	6	YLR413W
13	5	5	5	15	7	YPL106C
13	5	7	5	15	8	YGR261C
13	5	8	5	15	9	YLR051C
13	5	11	5	15	10	YNL069C
13	5	19	5	15	11	YPR057W
13	5	20	5	15	12	YOR201C
13	5	24	5	15	13	YJL139C
13	6	4	5	15	14	YHR074W
13	6	6	5	15	15	YBR200W-A
13	6	7	5	15	16	YMR013W-A
13	6	8	5	15	17	YPR100W
13	6	10	5	15	18	YMR075W
13	6	14	5	15	19	YBR182C-A
13	6	15	5	15	20	YER147C
13	6	20	5	15	21	YFL008W
13	6	24	5	15	22	YDL208W
13	7	2	5	15	23	YJL102W
13	7	3	5	15	24	YOL023W
13	7	4	5	16	1	YCR098C
13	7	5	5	16	2	YLR035C
13	7	7	5	16	3	YDR436W
13	7	10	5	16	4	YIR021W-A
13	7	13	5	16	5	YNL207W
13	7	15	5	16	6	YDR483W
13	7	16	5	16	7	YDR423C
13	7	18	5	16	8	YKR069W
13	7	21	5	16	9	YJL128C
13	7	23	5	16	10	YGL022W
13	7	24	5	16	11	YIR012W
13	8	1	5	16	12	YER136W
13	8	4	5	16	13	YDR495C
13	8	5	5	16	14	YDR386W
13	8	10	5	16	15	YML072C
13	8	17	5	16	16	YER023W
13	8	18	5	16	17	YER114C
13	8	19	5	16	18	YOR067C
13	8	20	5	16	19	YNL091W
13	8	22	5	16	20	YOL011W
13	8	23	5	16	21	YNR038W
13	8	24	5	16	22	YCR092C
13	9	2	5	16	23	YDR101C
13	9	3	5	16	24	YCL039W
13	9	5	6	1	1	YBL061C
13	9	6	6	1	2	YPL282C
13	9	7	6	1	3	YJL012C
13	9	8	6	1	4	YMR315W-A
13	9	11	6	1	5	YKL012W
13	9	12	6	1	6	YGL006W-A
13	9	13	6	1	7	YBR154C
13	9	14	6	1	8	YOR130C
13	9	16	6	1	9	YGL028C
13	9	20	6	1	10	YER087C-B
13	9	22	6	1	11	YMR238W
13	9	23	6	1	12	YJL138C
13	9	24	6	1	13	YHR169W
13	10	4	6	1	14	YDL240W
13	10	5	6	1	15	YDR415C
13	10	9	6	1	16	YGL258W-A
13	10	12	6	1	17	YOR032W-A
13	10	14	6	1	18	YPR070W
13	10	15	6	1	19	YOR181W
13	10	18	6	1	20	YPL180W
13	10	22	6	1	21	YKL068W
13	10	24	6	1	22	YMR167W
13	11	1	6	1	23	YDL003W
13	11	3	6	1	24	YOR299W
13	11	4	6	2	1	YER056C
13	11	9	6	2	2	YIR038C
13	11	14	6	2	3	YJR093C
13	11	16	6	2	4	YBR223C
13	11	18	6	2	5	YNL268W
13	11	19	6	2	6	YJL106W
13	12	4	6	2	7	YKR098C
13	12	8	6	2	8	YBR122C
13	12	10	6	2	9	YCL021W-A
13	12	12	6	2	10	YPR036W-A
13	12	14	6	2	11	YLR412C-A
13	12	15	6	2	12	YDR380W
13	12	16	6	2	13	YDR523C
13	12	18	6	2	14	YOR098C
13	12	21	6	2	15	YGL064C
13	12	22	6	2	16	YKL064W
13	12	24	6	2	17	YOL034W
13	13	1	6	2	18	YBR181C
13	13	7	6	2	19	YGL168W
13	13	8	6	2	20	YLR466C-B
13	13	12	6	2	21	YLR156C-A
13	13	14	6	2	22	YJL221C
13	13	18	6	2	23	YOR222W
13	13	19	6	2	24	YIL018W
13	13	20	6	3	1	YDR382W
13	13	23	6	3	2	YOR274W
13	13	24	6	3	3	YPL121C
13	14	5	6	3	4	YDL113C
13	14	6	6	3	5	YMR230W-A
13	14	9	6	3	6	YCL001W-B
13	14	12	6	3	7	YKL138C-A
13	14	15	6	3	8	YGL060W
13	14	16	6	3	9	YJL091C
13	14	18	6	3	10	YBR276C
13	14	23	6	3	11	YBR072C-A
13	14	24	6	3	12	YPR030W
13	15	3	6	3	13	YOR321W
13	15	4	6	3	14	YML069W
13	15	5	6	3	15	YOR033C
13	15	6	6	3	16	YMR242W-A
13	15	13	6	3	17	YPR113W
13	15	14	6	3	18	YNL290W
13	15	19	6	3	19	YNL012W
13	15	21	6	3	20	YKL163W
13	16	3	6	3	21	YMR198W
13	16	4	6	3	22	YKR067W
13	16	15	6	3	23	YHR039C
13	16	17	6	3	24	YLR205C
13	16	18	6	4	1	YKL092C
13	16	20	6	4	2	YLR361C-A
14	1	4	6	4	3	YOL157C
14	1	5	6	4	4	YBR186W
14	1	6	6	4	5	YPL179W
14	1	7	6	4	6	YOR232W
14	1	8	6	4	7	YKR004C
14	1	12	6	4	8	YNL121C
14	1	13	6	4	9	YIL036W
14	1	14	6	4	10	YDR450W
14	1	16	6	4	11	YOR332W
14	1	19	6	4	12	YDR266C
14	1	21	6	4	13	YPR137W
14	1	24	6	4	14	YML006C
14	2	3	6	4	15	YER007W
14	2	5	6	4	16	YOR005C
14	2	7	6	4	17	YDR125C
14	2	8	6	4	18	YER026C
14	2	9	6	4	19	YOL098C
14	2	10	6	4	20	YBL007C
14	2	11	6	4	21	YGR271W
14	2	13	6	4	22	YOR353C
14	2	14	6	4	23	YGR071C
14	2	15	6	4	24	YOR178C
14	2	17	6	5	1	YML023C
14	2	18	6	5	2	YPL140C
14	2	19	6	5	3	YMR163C
14	2	21	6	5	4	YGR186W
14	2	22	6	5	5	YCR084C
14	2	23	6	5	6	YOR317W
14	2	24	6	5	7	YEL014C
14	3	3	6	5	8	YPL212C
14	3	6	6	5	9	YMR303C
14	3	7	6	5	10	YKL047W
14	3	8	6	5	11	YBL042C
14	3	9	6	5	12	YPL189W
14	3	10	6	5	13	YER090W
14	3	11	6	5	14	YLR312W-A
14	3	12	6	5	15	YOR171C
14	3	14	6	5	16	YAL005C
14	3	15	6	5	17	YMR121C
14	3	18	6	5	18	YPR056W
14	3	19	6	5	19	YKL079W
14	3	20	6	5	20	YLR032W
14	3	21	6	5	21	YBR265W
14	3	22	6	5	22	YLR383W
14	3	23	6	5	23	YLR134W
14	3	24	6	5	24	YDL085W
14	4	1	6	6	1	YER157W
14	4	2	6	6	2	YBR133C
14	4	3	6	6	3	YOR227W
14	4	4	6	6	4	YOR389W
14	4	11	6	6	5	YMR207C
14	4	12	6	6	6	YDL159W-A
14	4	18	6	6	7	YEL015W
14	4	19	6	6	8	YHR204W
14	4	20	6	6	9	YGR196C
14	4	23	6	6	10	YPL176C
14	5	2	6	6	11	YOL068C
14	5	3	6	6	12	YJL111W
14	5	5	6	6	13	YOR108W
14	5	6	6	6	14	YBR145W
14	5	14	6	6	15	YDL029W
14	5	16	6	6	16	YPL193W
14	5	17	6	6	17	YOR192C
14	5	18	6	6	18	YGR084C
14	5	19	6	6	19	YNR076W
14	5	20	6	6	20	YPL006W
14	5	22	6	6	21	YPL036W
14	5	24	6	6	22	YBR008C
14	6	4	6	6	23	YLL064C
14	6	5	6	6	24	YJL154C
14	6	7	6	7	1	YHR213W-A
14	6	10	6	7	2	YGL150C
14	6	11	6	7	3	YHR186C
14	6	14	6	7	4	YPR022C
14	6	17	6	7	5	YHL049C
14	6	18	6	7	6	YDR120C
14	6	19	6	7	7	YHL032C
14	6	20	6	7	8	YJR106W
14	6	21	6	7	9	YKL025C
14	6	22	6	7	10	YJL176C
14	6	23	6	7	11	YDL122W
14	6	24	6	7	12	YEL068C
14	7	1	6	7	13	YKL189W
14	7	2	6	7	14	YKL045W
14	7	3	6	7	15	YCR065W
14	7	6	6	7	16	YPL165C
14	7	7	6	7	17	YPL260W
14	7	8	6	7	18	YPR190C
14	7	12	6	7	19	YFL062W
14	7	19	6	7	20	YDR404C
14	7	20	6	7	21	YGR089W
14	7	21	6	7	22	YOR189W
14	7	22	6	7	23	YMR080C
14	7	23	6	7	24	YBR296C
14	7	24	6	8	1	YBR094W
14	8	1	6	8	2	YLR451W
14	8	6	6	8	3	YPL018W
14	8	9	6	8	4	YGL015C
14	8	10	6	8	5	YPR112C
14	8	11	6	8	6	YNR016C
14	8	14	6	8	7	YER033C
14	8	15	6	8	8	YDL199C
14	8	16	6	8	9	YGR289C
14	8	18	6	8	10	YGL192W
14	8	23	6	8	11	YDR258C
14	8	24	6	8	12	YGL217C
14	9	2	6	8	13	YPR013C
14	9	3	6	8	14	YJL214W
14	9	6	6	8	15	YDR243C
14	9	7	6	8	16	YHR019C
14	9	11	6	8	17	YKL164C
14	9	15	6	8	18	YNL309W
14	9	17	6	8	19	YCR023C
14	9	19	6	8	20	YCL037C
14	9	20	6	8	21	YBR074W
14	9	21	6	8	22	YDR225W
14	9	22	6	8	23	YJL074C
14	9	23	6	8	24	YKL002W
14	9	24	6	9	1	YKL072W
14	10	1	6	9	2	YML093W
14	10	3	6	9	3	YLR422W
14	10	4	6	9	4	Q0075
14	10	6	6	9	5	YCR083W
14	10	7	6	9	6	YPL183C
14	10	9	6	9	7	YLR371W
14	10	10	6	9	8	YDR443C
14	10	11	6	9	9	YMR247C
14	10	14	6	9	10	YBR038W
14	10	15	6	9	11	YDR109C
14	10	18	6	9	12	YDR119W
14	10	20	6	9	13	YKL078W
14	10	22	6	9	14	YOR070C
14	10	23	6	9	15	YGL229C
14	11	2	6	9	16	YOR380W
14	11	4	6	9	17	YGR222W
14	11	6	6	9	18	YLL039C
14	11	8	6	9	19	YNL334C
14	11	9	6	9	20	Q0160
14	11	12	6	9	21	YDR137W
14	11	13	6	9	22	YPL281C
14	11	15	6	9	23	YBR110W
14	11	17	6	9	24	YCR036W
14	11	18	6	10	1	YPR032W
14	11	19	6	10	2	YKL021C
14	11	22	6	10	3	YDR270W
14	11	24	6	10	4	YAL053W
14	12	1	6	10	5	YBR007C
14	12	2	6	10	6	YLR201C
14	12	3	6	10	7	YKR089C
14	12	5	6	10	8	YOR036W
14	12	7	6	10	9	YLR187W
14	12	9	6	10	10	YML103C
14	12	10	6	10	11	YER164W
14	12	12	6	10	12	YMR128W
14	12	13	6	10	13	YFL033C
14	12	14	6	10	14	YDL195W
14	12	16	6	10	15	YDR295C
14	12	17	6	10	16	YDL239C
14	12	18	6	10	17	YBR019C
14	12	21	6	10	18	YNL272C
14	12	23	6	10	19	YJL061W
14	13	1	6	10	20	YOL112W
14	13	8	6	10	21	YJR123W
14	13	11	6	10	22	YNL084C
14	13	12	6	10	23	YMR116C
14	13	13	6	10	24	YIL037C
14	13	17	6	11	1	YHR035W
14	13	19	6	11	2	YLL063C
14	13	23	6	11	3	YJL081C
14	14	1	6	11	4	YGL036W
14	14	3	6	11	5	YLR454W
14	14	5	6	11	6	YBR160W
14	14	8	6	11	7	YBR023C
14	14	9	6	11	8	YGR270W
14	14	11	6	11	9	YIL001W
14	14	13	6	11	10	YLR342W
14	14	17	6	11	11	YBL111C
14	14	18	6	11	12	YJL212C
14	14	21	6	11	13	YDR338C
14	14	23	6	11	14	YOR195W
14	14	24	6	11	15	YER084W
14	15	2	6	11	16	YOR176W
14	15	6	6	11	17	YJL026W
14	15	7	6	11	18	YOR071C
14	15	8	6	11	19	YHR030C
14	15	11	6	11	20	YHR194W
14	15	13	6	11	21	YOR273C
14	15	14	6	11	22	YJL002C
14	15	18	6	11	23	YDR475C
14	15	20	6	11	24	YNR011C
14	15	21	6	12	1	YJL013C
14	15	22	6	12	2	YER096W
14	16	1	6	12	3	YML117W
14	16	3	6	12	4	YLR129W
14	16	6	6	12	5	YPR158W
14	16	7	6	12	6	YMR185W
14	16	8	6	12	7	YJL129C
14	16	9	6	12	8	YEL022W
14	16	10	6	12	9	YLL053C
14	16	12	6	12	10	YDL223C
14	16	13	6	12	11	YOR208W
14	16	17	6	12	12	YDR221W
14	16	18	6	12	13	YMR049C
14	16	19	6	12	14	YDR362C
14	16	20	6	12	15	YLR266C
14	16	21	6	12	16	YER171W
14	16	22	6	12	17	YDR200C
15	1	4	6	12	18	YNL295W
15	1	7	6	12	19	YHR100C
15	1	9	6	12	20	YJL218W
15	1	17	6	12	21	YHR114W
15	1	20	6	12	22	YJL029C
15	1	21	6	12	23	YFL066C
15	1	23	6	12	24	YPL277C
15	1	24	6	13	1	YNL085W
15	3	5	6	13	2	YGR259C
15	3	7	6	13	3	YGR160W
15	3	8	6	13	4	YHR085W
15	3	9	6	13	5	YNL156C
15	3	17	6	13	6	YJR153W
15	3	24	6	13	7	YER162C
15	5	1	6	13	8	YGL102C
15	5	4	6	13	9	YGL160W
15	5	6	6	13	10	YJL123C
15	5	8	6	13	11	YLR109W
15	5	15	6	13	12	YJR105W
15	5	17	6	13	13	YKL202W
15	5	19	6	13	14	YCR038C
15	5	24	6	13	15	YLR386W
15	7	1	6	13	16	YER159C
15	7	3	6	13	17	YNL122C
15	7	4	6	13	18	YIL150C
15	7	5	6	13	19	YLR315W
15	7	6	6	13	20	YLR108C
15	7	7	6	13	21	YHR140W
15	7	9	6	13	22	YIL009W
15	7	10	6	13	23	YLR426W
15	7	19	6	13	24	YJL099W
15	9	3	6	14	1	YIL059C
15	9	5	6	14	2	YGR174C
15	9	22	6	14	3	YOR004W
15	9	23	6	14	4	YBR239C
15	9	24	6	14	5	YGR065C
15	11	2	6	14	6	YNR029C
15	11	5	6	14	7	YJL016W
15	11	6	6	14	8	YLR455W
15	11	7	6	14	9	YDR029W
15	11	15	6	14	10	YGR123C
15	11	19	6	14	11	YHR174W
15	13	1	6	14	12	YJL158C
15	13	2	6	14	13	YPR084W
15	13	3	6	14	14	YJL077C
15	13	5	6	14	15	YGR273C
15	13	6	6	14	16	YGR127W
15	13	7	6	14	17	YCL046W
15	13	12	6	14	18	YGL018C
15	13	18	6	14	19	YOL146W
15	13	19	6	14	20	YGR044C
15	13	22	6	14	21	YEL007W
15	13	23	6	14	22	YHR192W
15	15	1	6	14	23	YGR206W
15	15	2	6	14	24	YDR371W
15	15	3	6	15	1	YGR265W
15	15	5	6	15	2	YHR093W
15	15	8	6	15	3	YDR517W
15	15	15	6	15	4	YHL026C
15	15	17	6	15	5	YFL012W
15	15	20	6	15	6	YOL165C
15	15	21	6	15	7	YPL146C
15	15	22	6	15	8	YOR017W
